Programme_ID,Supplier_ID,Commodity,Forecast_Period,PO_Count,Committed_Spend,Payment_Terms,Region
P001,SUP007,Electronics,2025-01,2,484457.02,45 days,APAC
P001,SUP007,Software,2025-02,2,715418.19,45 days,APAC
P001,SUP007,Materials,2025-03,2,146042.49,45 days,APAC
P001,SUP007,Services,2025-04,3,592761.99,45 days,APAC
P001,SUP007,Electronics,2025-05,1,597609.24,45 days,APAC
P001,SUP007,Services,2025-06,5,208945.65,45 days,APAC
P001,SUP007,Logistics,2025-07,2,980684.08,45 days,APAC
P001,SUP007,Mechanical,2025-08,5,948984.65,45 days,APAC
P001,SUP007,Logistics,2025-09,3,381468.32,45 days,APAC
P001,SUP007,Electronics,2025-10,0,318004.57,45 days,APAC
P001,SUP007,Logistics,2025-11,2,1305174.58,45 days,APAC
P001,SUP007,Electronics,2025-12,0,671588.92,45 days,APAC
P001,SUP015,Software,2025-01,4,1230898.97,45 days,US
P001,SUP015,Logistics,2025-02,2,737650.58,45 days,US
P001,SUP015,Logistics,2025-03,5,1108813.45,45 days,US
P001,SUP015,Software,2025-04,4,656446.95,45 days,US
P001,SUP015,Materials,2025-05,4,585637.57,45 days,US
P001,SUP015,Electronics,2025-06,1,170623.05,45 days,US
P001,SUP015,Materials,2025-07,5,827213.12,45 days,US
P001,SUP015,Electronics,2025-08,6,1791005.02,45 days,US
P001,SUP015,Materials,2025-09,5,576355.13,45 days,US
P001,SUP015,Software,2025-10,7,823697.13,45 days,US
P001,SUP015,Mechanical,2025-11,4,1032932.8,45 days,US
P001,SUP015,Logistics,2025-12,4,266301.35,45 days,US
P001,SUP012,Mechanical,2025-01,1,1484850.78,90 days,US
P001,SUP012,Software,2025-02,7,855421.55,90 days,US
P001,SUP012,Services,2025-03,2,563253.33,90 days,US
P001,SUP012,Services,2025-04,5,587101.73,90 days,US
P001,SUP012,Materials,2025-05,3,843015.02,90 days,US
P001,SUP012,Mechanical,2025-06,4,666219.55,90 days,US
P001,SUP012,Materials,2025-07,4,1099643.83,90 days,US
P001,SUP012,Materials,2025-08,5,1152881.8,90 days,US
P001,SUP012,Electronics,2025-09,7,770449.24,90 days,US
P001,SUP012,Services,2025-10,5,320573.03,90 days,US
P001,SUP012,Software,2025-11,5,302151.49,90 days,US
P001,SUP012,Services,2025-12,1,171340.85,90 days,US
P001,SUP048,Mechanical,2025-01,3,626861.54,90 days,APAC
P001,SUP048,Mechanical,2025-02,2,255653.11,90 days,APAC
P001,SUP048,Mechanical,2025-03,4,133567.12,90 days,APAC
P001,SUP048,Logistics,2025-04,3,666390.08,90 days,APAC
P001,SUP048,Electronics,2025-05,4,956431.68,90 days,APAC
P001,SUP048,Services,2025-06,1,1656950.33,90 days,APAC
P001,SUP048,Services,2025-07,3,1075979.14,90 days,APAC
P001,SUP048,Materials,2025-08,4,314032.31,90 days,APAC
P001,SUP048,Logistics,2025-09,1,344267.93,90 days,APAC
P001,SUP048,Services,2025-10,1,392549.24,90 days,APAC
P001,SUP048,Software,2025-11,2,289983.69,90 days,APAC
P001,SUP048,Logistics,2025-12,2,760306.99,90 days,APAC
P001,SUP006,Mechanical,2025-01,4,260339.85,60 days,APAC
P001,SUP006,Materials,2025-02,1,775908.78,60 days,APAC
P001,SUP006,Services,2025-03,4,1070640,60 days,APAC
P001,SUP006,Services,2025-04,0,796733.52,60 days,APAC
P001,SUP006,Electronics,2025-05,0,1217560.28,60 days,APAC
P001,SUP006,Logistics,2025-06,4,584510.41,60 days,APAC
P001,SUP006,Mechanical,2025-07,2,123905.29,60 days,APAC
P001,SUP006,Mechanical,2025-08,3,1313446.08,60 days,APAC
P001,SUP006,Electronics,2025-09,0,1547473.12,60 days,APAC
P001,SUP006,Electronics,2025-10,0,260354.32,60 days,APAC
P001,SUP006,Electronics,2025-11,2,709001.01,60 days,APAC
P001,SUP006,Software,2025-12,5,194392.2,60 days,APAC
P001,SUP049,Services,2025-01,2,458439.22,90 days,US
P001,SUP049,Mechanical,2025-02,3,1121240.53,90 days,US
P001,SUP049,Mechanical,2025-03,4,793550.36,90 days,US
P001,SUP049,Materials,2025-04,2,577593.18,90 days,US
P001,SUP049,Mechanical,2025-05,3,377190.9,90 days,US
P001,SUP049,Materials,2025-06,3,232169.22,90 days,US
P001,SUP049,Services,2025-07,2,491579.03,90 days,US
P001,SUP049,Software,2025-08,8,1530795.95,90 days,US
P001,SUP049,Electronics,2025-09,4,886711.08,90 days,US
P001,SUP049,Electronics,2025-10,3,540907.91,90 days,US
P001,SUP049,Mechanical,2025-11,5,1077648.57,90 days,US
P001,SUP049,Mechanical,2025-12,0,980017.47,90 days,US
P001,SUP031,Materials,2025-01,0,928531.39,60 days,US
P001,SUP031,Materials,2025-02,3,1498064.19,60 days,US
P001,SUP031,Mechanical,2025-03,2,1146426.9,60 days,US
P001,SUP031,Mechanical,2025-04,7,288331.87,60 days,US
P001,SUP031,Mechanical,2025-05,0,583050.31,60 days,US
P001,SUP031,Mechanical,2025-06,3,1060217.7,60 days,US
P001,SUP031,Services,2025-07,1,215650.9,60 days,US
P001,SUP031,Mechanical,2025-08,4,698293.63,60 days,US
P001,SUP031,Logistics,2025-09,3,906201.19,60 days,US
P001,SUP031,Electronics,2025-10,6,147848.76,60 days,US
P001,SUP031,Materials,2025-11,7,670609.94,60 days,US
P001,SUP031,Mechanical,2025-12,2,853331.03,60 days,US
P001,SUP029,Mechanical,2025-01,4,1063000.84,45 days,US
P001,SUP029,Mechanical,2025-02,2,1389171.4,45 days,US
P001,SUP029,Materials,2025-03,8,427384.67,45 days,US
P001,SUP029,Mechanical,2025-04,6,407435.07,45 days,US
P001,SUP029,Services,2025-05,2,713770.07,45 days,US
P001,SUP029,Mechanical,2025-06,0,487380.43,45 days,US
P001,SUP029,Materials,2025-07,5,661797.37,45 days,US
P001,SUP029,Software,2025-08,7,147785.43,45 days,US
P001,SUP029,Software,2025-09,3,1596352.98,45 days,US
P001,SUP029,Electronics,2025-10,4,1131132.96,45 days,US
P001,SUP029,Services,2025-11,5,1469270.98,45 days,US
P001,SUP029,Services,2025-12,6,967147.97,45 days,US
P001,SUP025,Logistics,2025-01,0,514177.48,60 days,US
P001,SUP025,Materials,2025-02,1,179754.54,60 days,US
P001,SUP025,Services,2025-03,2,1057935.99,60 days,US
P001,SUP025,Logistics,2025-04,0,678350.06,60 days,US
P001,SUP025,Electronics,2025-05,3,1140902.89,60 days,US
P001,SUP025,Services,2025-06,7,263068.23,60 days,US
P001,SUP025,Materials,2025-07,2,132230.62,60 days,US
P001,SUP025,Logistics,2025-08,3,382280.67,60 days,US
P001,SUP025,Software,2025-09,4,932727.94,60 days,US
P001,SUP025,Logistics,2025-10,1,952955.4,60 days,US
P001,SUP025,Mechanical,2025-11,3,1162303.22,60 days,US
P001,SUP025,Services,2025-12,4,1290173.77,60 days,US
P001,SUP023,Logistics,2025-01,4,472005.17,30 days,EU
P001,SUP023,Logistics,2025-02,2,236757.68,30 days,EU
P001,SUP023,Electronics,2025-03,6,620970.89,30 days,EU
P001,SUP023,Materials,2025-04,6,719259.59,30 days,EU
P001,SUP023,Software,2025-05,6,685806.02,30 days,EU
P001,SUP023,Software,2025-06,7,1377836.64,30 days,EU
P001,SUP023,Materials,2025-07,3,910184.49,30 days,EU
P001,SUP023,Services,2025-08,6,369872.23,30 days,EU
P001,SUP023,Services,2025-09,10,867495.54,30 days,EU
P001,SUP023,Services,2025-10,3,1111213.26,30 days,EU
P001,SUP023,Software,2025-11,3,784275.43,30 days,EU
P001,SUP023,Electronics,2025-12,1,1010952.16,30 days,EU
P001,SUP032,Materials,2025-01,5,495817.19,90 days,APAC
P001,SUP032,Software,2025-02,2,786863.61,90 days,APAC
P001,SUP032,Electronics,2025-03,0,925401.19,90 days,APAC
P001,SUP032,Software,2025-04,2,871354.94,90 days,APAC
P001,SUP032,Software,2025-05,0,392525.56,90 days,APAC
P001,SUP032,Materials,2025-06,1,1327833.94,90 days,APAC
P001,SUP032,Electronics,2025-07,5,870319.82,90 days,APAC
P001,SUP032,Logistics,2025-08,3,405559.24,90 days,APAC
P001,SUP032,Electronics,2025-09,0,491424.18,90 days,APAC
P001,SUP032,Logistics,2025-10,3,706125.8,90 days,APAC
P001,SUP032,Materials,2025-11,4,157026.11,90 days,APAC
P001,SUP032,Materials,2025-12,4,1078534.22,90 days,APAC
P001,SUP024,Logistics,2025-01,1,1035955.43,30 days,US
P001,SUP024,Electronics,2025-02,4,1330806.95,30 days,US
P001,SUP024,Services,2025-03,6,388266.1,30 days,US
P001,SUP024,Electronics,2025-04,0,425391.89,30 days,US
P001,SUP024,Software,2025-05,5,803216.85,30 days,US
P001,SUP024,Materials,2025-06,5,761518.14,30 days,US
P001,SUP024,Software,2025-07,4,1049172.26,30 days,US
P001,SUP024,Mechanical,2025-08,4,954631.38,30 days,US
P001,SUP024,Software,2025-09,4,1230953.26,30 days,US
P001,SUP024,Logistics,2025-10,0,859973.08,30 days,US
P001,SUP024,Electronics,2025-11,0,619846.94,30 days,US
P001,SUP024,Materials,2025-12,4,592524.42,30 days,US
P001,SUP008,Materials,2025-01,6,810306.1,45 days,UK
P001,SUP008,Software,2025-02,2,492804.69,45 days,UK
P001,SUP008,Materials,2025-03,7,1079858.41,45 days,UK
P001,SUP008,Logistics,2025-04,6,448929.73,45 days,UK
P001,SUP008,Services,2025-05,2,1179279.66,45 days,UK
P001,SUP008,Services,2025-06,4,367478.44,45 days,UK
P001,SUP008,Mechanical,2025-07,6,464693.64,45 days,UK
P001,SUP008,Services,2025-08,3,1312326.63,45 days,UK
P001,SUP008,Electronics,2025-09,6,1215539.25,45 days,UK
P001,SUP008,Services,2025-10,2,387550.82,45 days,UK
P001,SUP008,Logistics,2025-11,3,689993.6,45 days,UK
P001,SUP008,Materials,2025-12,4,90744.22,45 days,UK
P001,SUP036,Logistics,2025-01,0,88853.85,60 days,APAC
P001,SUP036,Services,2025-02,4,408330.33,60 days,APAC
P001,SUP036,Logistics,2025-03,1,767733.8,60 days,APAC
P001,SUP036,Services,2025-04,5,727277.91,60 days,APAC
P001,SUP036,Services,2025-05,5,1445356.33,60 days,APAC
P001,SUP036,Services,2025-06,1,97723.02,60 days,APAC
P001,SUP036,Services,2025-07,2,299050.99,60 days,APAC
P001,SUP036,Mechanical,2025-08,0,189021.66,60 days,APAC
P001,SUP036,Materials,2025-09,1,338194.05,60 days,APAC
P001,SUP036,Logistics,2025-10,2,305043.89,60 days,APAC
P001,SUP036,Logistics,2025-11,5,1157468.97,60 days,APAC
P001,SUP036,Services,2025-12,4,1274336.47,60 days,APAC
P001,SUP013,Electronics,2025-01,5,425245.6,60 days,UK
P001,SUP013,Services,2025-02,3,1294388.88,60 days,UK
P001,SUP013,Mechanical,2025-03,2,266952.37,60 days,UK
P001,SUP013,Services,2025-04,2,947673.83,60 days,UK
P001,SUP013,Materials,2025-05,4,89529.69,60 days,UK
P001,SUP013,Logistics,2025-06,4,587199.42,60 days,UK
P001,SUP013,Logistics,2025-07,4,555893.52,60 days,UK
P001,SUP013,Software,2025-08,4,1189488.18,60 days,UK
P001,SUP013,Software,2025-09,2,696978.01,60 days,UK
P001,SUP013,Logistics,2025-10,1,1254916.5,60 days,UK
P001,SUP013,Logistics,2025-11,2,621671.45,60 days,UK
P001,SUP013,Services,2025-12,0,254206.78,60 days,UK
P001,SUP028,Electronics,2025-01,6,1086484.44,60 days,EU
P001,SUP028,Materials,2025-02,2,902931.64,60 days,EU
P001,SUP028,Electronics,2025-03,7,1015840.31,60 days,EU
P001,SUP028,Services,2025-04,5,317781.1,60 days,EU
P001,SUP028,Software,2025-05,3,1128707.43,60 days,EU
P001,SUP028,Materials,2025-06,0,1317293.26,60 days,EU
P001,SUP028,Mechanical,2025-07,3,365185.37,60 days,EU
P001,SUP028,Logistics,2025-08,4,155218.7,60 days,EU
P001,SUP028,Services,2025-09,5,195254.25,60 days,EU
P001,SUP028,Electronics,2025-10,4,692275.19,60 days,EU
P001,SUP028,Mechanical,2025-11,4,238315.06,60 days,EU
P001,SUP028,Services,2025-12,0,1065920.77,60 days,EU
P001,SUP020,Logistics,2025-01,0,1203588.01,60 days,UK
P001,SUP020,Software,2025-02,2,351075.6,60 days,UK
P001,SUP020,Mechanical,2025-03,2,849727.12,60 days,UK
P001,SUP020,Logistics,2025-04,2,842627.84,60 days,UK
P001,SUP020,Software,2025-05,1,426899.51,60 days,UK
P001,SUP020,Electronics,2025-06,4,150151.28,60 days,UK
P001,SUP020,Services,2025-07,2,940143.28,60 days,UK
P001,SUP020,Electronics,2025-08,3,1226001.04,60 days,UK
P001,SUP020,Logistics,2025-09,2,112986.97,60 days,UK
P001,SUP020,Materials,2025-10,3,277293.17,60 days,UK
P001,SUP020,Services,2025-11,4,932871.49,60 days,UK
P001,SUP020,Software,2025-12,3,1283651.68,60 days,UK
P001,SUP010,Services,2025-01,4,759393.8,45 days,UK
P001,SUP010,Logistics,2025-02,2,225034.97,45 days,UK
P001,SUP010,Software,2025-03,7,1053995.03,45 days,UK
P001,SUP010,Electronics,2025-04,2,1083856,45 days,UK
P001,SUP010,Services,2025-05,4,87231.05,45 days,UK
P001,SUP010,Materials,2025-06,3,299212.41,45 days,UK
P001,SUP010,Electronics,2025-07,6,259959.08,45 days,UK
P001,SUP010,Services,2025-08,4,296490.56,45 days,UK
P001,SUP010,Electronics,2025-09,6,1021524.44,45 days,UK
P001,SUP010,Software,2025-10,0,906804.36,45 days,UK
P001,SUP010,Materials,2025-11,4,1125926.4,45 days,UK
P001,SUP010,Mechanical,2025-12,5,1107784.32,45 days,UK
P002,SUP027,Services,2025-01,0,203594.62,60 days,UK
P002,SUP027,Electronics,2025-02,0,338621.2,60 days,UK
P002,SUP027,Electronics,2025-03,3,215453.95,60 days,UK
P002,SUP027,Materials,2025-04,4,236640.85,60 days,UK
P002,SUP027,Software,2025-05,2,914850.75,60 days,UK
P002,SUP027,Logistics,2025-06,5,578893.31,60 days,UK
P002,SUP027,Materials,2025-07,3,917444.96,60 days,UK
P002,SUP027,Materials,2025-08,2,664772.05,60 days,UK
P002,SUP027,Mechanical,2025-09,6,1036117.24,60 days,UK
P002,SUP027,Materials,2025-10,1,571105.35,60 days,UK
P002,SUP027,Services,2025-11,3,974356.77,60 days,UK
P002,SUP027,Services,2025-12,2,1241706.61,60 days,UK
P002,SUP050,Software,2025-01,4,666785.22,30 days,APAC
P002,SUP050,Logistics,2025-02,6,429316.03,30 days,APAC
P002,SUP050,Software,2025-03,2,834322.72,30 days,APAC
P002,SUP050,Mechanical,2025-04,3,627469.79,30 days,APAC
P002,SUP050,Mechanical,2025-05,2,1130887.02,30 days,APAC
P002,SUP050,Software,2025-06,2,1233542.49,30 days,APAC
P002,SUP050,Software,2025-07,5,90534.35,30 days,APAC
P002,SUP050,Software,2025-08,4,1360783.99,30 days,APAC
P002,SUP050,Software,2025-09,2,472311.71,30 days,APAC
P002,SUP050,Services,2025-10,5,958068.63,30 days,APAC
P002,SUP050,Electronics,2025-11,2,728562.38,30 days,APAC
P002,SUP050,Software,2025-12,2,1580230.98,30 days,APAC
P002,SUP028,Mechanical,2025-01,3,1410169.39,60 days,EU
P002,SUP028,Materials,2025-02,6,377635.73,60 days,EU
P002,SUP028,Mechanical,2025-03,4,160941.3,60 days,EU
P002,SUP028,Software,2025-04,7,1835485.85,60 days,EU
P002,SUP028,Software,2025-05,5,469154.23,60 days,EU
P002,SUP028,Mechanical,2025-06,7,882773.04,60 days,EU
P002,SUP028,Services,2025-07,3,869797.05,60 days,EU
P002,SUP028,Electronics,2025-08,5,1022999.11,60 days,EU
P002,SUP028,Mechanical,2025-09,3,808820.1,60 days,EU
P002,SUP028,Materials,2025-10,3,1638946.31,60 days,EU
P002,SUP028,Electronics,2025-11,6,378877.02,60 days,EU
P002,SUP028,Logistics,2025-12,0,2115099.47,60 days,EU
P002,SUP045,Electronics,2025-01,7,1134304.37,30 days,US
P002,SUP045,Logistics,2025-02,3,2191637.67,30 days,US
P002,SUP045,Logistics,2025-03,4,1446651.39,30 days,US
P002,SUP045,Software,2025-04,5,1757656.5,30 days,US
P002,SUP045,Software,2025-05,6,112882.36,30 days,US
P002,SUP045,Materials,2025-06,4,1738381.01,30 days,US
P002,SUP045,Services,2025-07,5,1929357.86,30 days,US
P002,SUP045,Mechanical,2025-08,0,2423317.76,30 days,US
P002,SUP045,Services,2025-09,9,684069.91,30 days,US
P002,SUP045,Mechanical,2025-10,2,1408472.51,30 days,US
P002,SUP045,Materials,2025-11,4,825597.41,30 days,US
P002,SUP045,Services,2025-12,5,2004723.86,30 days,US
P002,SUP047,Services,2025-01,5,171528.41,60 days,APAC
P002,SUP047,Electronics,2025-02,3,1733405.94,60 days,APAC
P002,SUP047,Services,2025-03,5,775906.21,60 days,APAC
P002,SUP047,Mechanical,2025-04,1,308365.36,60 days,APAC
P002,SUP047,Services,2025-05,0,361477.92,60 days,APAC
P002,SUP047,Materials,2025-06,8,1140276.58,60 days,APAC
P002,SUP047,Logistics,2025-07,5,899046.46,60 days,APAC
P002,SUP047,Software,2025-08,2,465456.48,60 days,APAC
P002,SUP047,Mechanical,2025-09,4,515776.88,60 days,APAC
P002,SUP047,Materials,2025-10,5,1814090.82,60 days,APAC
P002,SUP047,Mechanical,2025-11,6,710203.22,60 days,APAC
P002,SUP047,Electronics,2025-12,5,380225.85,60 days,APAC
P002,SUP022,Electronics,2025-01,4,213720.71,45 days,UK
P002,SUP022,Software,2025-02,3,1240926.08,45 days,UK
P002,SUP022,Software,2025-03,0,1279270.89,45 days,UK
P002,SUP022,Services,2025-04,3,696759.22,45 days,UK
P002,SUP022,Materials,2025-05,4,668863.95,45 days,UK
P002,SUP022,Services,2025-06,4,744772.97,45 days,UK
P002,SUP022,Mechanical,2025-07,4,910416.74,45 days,UK
P002,SUP022,Mechanical,2025-08,4,311489.27,45 days,UK
P002,SUP022,Software,2025-09,3,559047.79,45 days,UK
P002,SUP022,Services,2025-10,4,270073.78,45 days,UK
P002,SUP022,Software,2025-11,1,401987.77,45 days,UK
P002,SUP022,Materials,2025-12,3,1028643.87,45 days,UK
P002,SUP002,Software,2025-01,5,1321979.96,90 days,EU
P002,SUP002,Materials,2025-02,4,925983.51,90 days,EU
P002,SUP002,Logistics,2025-03,2,105314.47,90 days,EU
P002,SUP002,Logistics,2025-04,7,1820214.7,90 days,EU
P002,SUP002,Electronics,2025-05,4,427813.41,90 days,EU
P002,SUP002,Materials,2025-06,0,720896,90 days,EU
P002,SUP002,Materials,2025-07,7,1664516.17,90 days,EU
P002,SUP002,Logistics,2025-08,5,434856.16,90 days,EU
P002,SUP002,Mechanical,2025-09,7,272405.76,90 days,EU
P002,SUP002,Logistics,2025-10,4,406538.47,90 days,EU
P002,SUP002,Logistics,2025-11,3,758235.41,90 days,EU
P002,SUP002,Electronics,2025-12,0,2192554.88,90 days,EU
P002,SUP008,Services,2025-01,0,1518312.04,45 days,UK
P002,SUP008,Services,2025-02,5,985940.41,45 days,UK
P002,SUP008,Mechanical,2025-03,7,1027279.89,45 days,UK
P002,SUP008,Software,2025-04,4,445469.75,45 days,UK
P002,SUP008,Materials,2025-05,9,451472.05,45 days,UK
P002,SUP008,Software,2025-06,2,1330196.96,45 days,UK
P002,SUP008,Services,2025-07,4,1110176.76,45 days,UK
P002,SUP008,Logistics,2025-08,6,368952.82,45 days,UK
P002,SUP008,Mechanical,2025-09,5,632228.37,45 days,UK
P002,SUP008,Electronics,2025-10,0,625699.88,45 days,UK
P002,SUP008,Software,2025-11,1,976450.3,45 days,UK
P002,SUP008,Electronics,2025-12,6,578298.45,45 days,UK
P002,SUP048,Mechanical,2025-01,1,707242.75,90 days,APAC
P002,SUP048,Services,2025-02,0,749518.67,90 days,APAC
P002,SUP048,Mechanical,2025-03,1,927513.88,90 days,APAC
P002,SUP048,Services,2025-04,4,1525203.21,90 days,APAC
P002,SUP048,Materials,2025-05,2,601709,90 days,APAC
P002,SUP048,Logistics,2025-06,2,1080023.41,90 days,APAC
P002,SUP048,Services,2025-07,1,538215.29,90 days,APAC
P002,SUP048,Services,2025-08,4,748615.4,90 days,APAC
P002,SUP048,Services,2025-09,5,605581.38,90 days,APAC
P002,SUP048,Materials,2025-10,0,1132531.79,90 days,APAC
P002,SUP048,Materials,2025-11,0,688869.48,90 days,APAC
P002,SUP048,Mechanical,2025-12,4,899923.18,90 days,APAC
P002,SUP046,Software,2025-01,4,368194.94,90 days,EU
P002,SUP046,Mechanical,2025-02,5,1831633.22,90 days,EU
P002,SUP046,Materials,2025-03,4,1158699.81,90 days,EU
P002,SUP046,Services,2025-04,7,1973613.42,90 days,EU
P002,SUP046,Logistics,2025-05,4,533260.03,90 days,EU
P002,SUP046,Software,2025-06,5,1868494.7,90 days,EU
P002,SUP046,Logistics,2025-07,3,1920180.99,90 days,EU
P002,SUP046,Logistics,2025-08,3,1518460.72,90 days,EU
P002,SUP046,Services,2025-09,3,615426.01,90 days,EU
P002,SUP046,Materials,2025-10,4,916327.38,90 days,EU
P002,SUP046,Materials,2025-11,2,498310.13,90 days,EU
P002,SUP046,Services,2025-12,8,1468126.81,90 days,EU
P002,SUP041,Logistics,2025-01,5,355520.19,30 days,UK
P002,SUP041,Logistics,2025-02,5,629854.28,30 days,UK
P002,SUP041,Software,2025-03,5,226862.17,30 days,UK
P002,SUP041,Electronics,2025-04,5,309834.28,30 days,UK
P002,SUP041,Mechanical,2025-05,2,798763.01,30 days,UK
P002,SUP041,Logistics,2025-06,2,630887.25,30 days,UK
P002,SUP041,Mechanical,2025-07,3,417622.4,30 days,UK
P002,SUP041,Logistics,2025-08,6,1026897.58,30 days,UK
P002,SUP041,Services,2025-09,4,982732.17,30 days,UK
P002,SUP041,Services,2025-10,2,525238.2,30 days,UK
P002,SUP041,Electronics,2025-11,3,845880.64,30 days,UK
P002,SUP041,Electronics,2025-12,1,357097.13,30 days,UK
P002,SUP015,Materials,2025-01,4,1662570.9,45 days,US
P002,SUP015,Materials,2025-02,1,1805774.33,45 days,US
P002,SUP015,Software,2025-03,8,1326648.28,45 days,US
P002,SUP015,Materials,2025-04,4,636725.68,45 days,US
P002,SUP015,Software,2025-05,5,447994.93,45 days,US
P002,SUP015,Mechanical,2025-06,2,440152.9,45 days,US
P002,SUP015,Materials,2025-07,4,1236964.57,45 days,US
P002,SUP015,Services,2025-08,4,129909.65,45 days,US
P002,SUP015,Software,2025-09,4,356016.15,45 days,US
P002,SUP015,Electronics,2025-10,7,239649.42,45 days,US
P002,SUP015,Mechanical,2025-11,4,994771.44,45 days,US
P002,SUP015,Mechanical,2025-12,4,409641.78,45 days,US
P002,SUP001,Services,2025-01,2,1014370.77,90 days,EU
P002,SUP001,Services,2025-02,5,871846.4,90 days,EU
P002,SUP001,Logistics,2025-03,5,453778.94,90 days,EU
P002,SUP001,Electronics,2025-04,2,300234.8,90 days,EU
P002,SUP001,Mechanical,2025-05,1,612394.71,90 days,EU
P002,SUP001,Services,2025-06,2,1926260.67,90 days,EU
P002,SUP001,Services,2025-07,7,762891.51,90 days,EU
P002,SUP001,Services,2025-08,7,395824.97,90 days,EU
P002,SUP001,Logistics,2025-09,1,1298980.9,90 days,EU
P002,SUP001,Materials,2025-10,4,183691.09,90 days,EU
P002,SUP001,Services,2025-11,3,919246.36,90 days,EU
P002,SUP001,Materials,2025-12,6,1562148.33,90 days,EU
P002,SUP029,Software,2025-01,3,1615286.68,45 days,US
P002,SUP029,Software,2025-02,6,1521320.54,45 days,US
P002,SUP029,Logistics,2025-03,6,635826.31,45 days,US
P002,SUP029,Mechanical,2025-04,3,1508676.01,45 days,US
P002,SUP029,Electronics,2025-05,6,383780.5,45 days,US
P002,SUP029,Mechanical,2025-06,9,1449827.77,45 days,US
P002,SUP029,Mechanical,2025-07,3,187265.44,45 days,US
P002,SUP029,Materials,2025-08,2,1044753.94,45 days,US
P002,SUP029,Logistics,2025-09,3,1243791.98,45 days,US
P002,SUP029,Services,2025-10,6,1452701.66,45 days,US
P002,SUP029,Software,2025-11,4,1576770.49,45 days,US
P002,SUP029,Electronics,2025-12,2,1839386.24,45 days,US
P002,SUP044,Services,2025-01,7,1309619.18,45 days,UK
P002,SUP044,Logistics,2025-02,1,584457.82,45 days,UK
P002,SUP044,Mechanical,2025-03,6,122424.96,45 days,UK
P002,SUP044,Logistics,2025-04,5,713535.9,45 days,UK
P002,SUP044,Logistics,2025-05,8,1231381.83,45 days,UK
P002,SUP044,Materials,2025-06,5,1192175.45,45 days,UK
P002,SUP044,Mechanical,2025-07,0,1380991.27,45 days,UK
P002,SUP044,Logistics,2025-08,3,758214.91,45 days,UK
P002,SUP044,Electronics,2025-09,7,809361.21,45 days,UK
P002,SUP044,Software,2025-10,3,892106.76,45 days,UK
P002,SUP044,Services,2025-11,3,1420103.72,45 days,UK
P002,SUP044,Software,2025-12,0,715646.6,45 days,UK
P002,SUP025,Materials,2025-01,2,825439.59,60 days,US
P002,SUP025,Electronics,2025-02,2,1052323.08,60 days,US
P002,SUP025,Software,2025-03,5,1225264.12,60 days,US
P002,SUP025,Electronics,2025-04,2,90812.64,60 days,US
P002,SUP025,Logistics,2025-05,0,1521204.95,60 days,US
P002,SUP025,Materials,2025-06,0,235782.61,60 days,US
P002,SUP025,Logistics,2025-07,4,1381935.43,60 days,US
P002,SUP025,Logistics,2025-08,1,373061.39,60 days,US
P002,SUP025,Software,2025-09,4,375483.48,60 days,US
P002,SUP025,Services,2025-10,4,1169953.08,60 days,US
P002,SUP025,Electronics,2025-11,2,531602.09,60 days,US
P002,SUP025,Logistics,2025-12,6,300986.54,60 days,US
P002,SUP042,Logistics,2025-01,0,144323.52,30 days,UK
P002,SUP042,Electronics,2025-02,0,1157203.07,30 days,UK
P002,SUP042,Logistics,2025-03,4,1038689.93,30 days,UK
P002,SUP042,Materials,2025-04,3,156952.62,30 days,UK
P002,SUP042,Services,2025-05,1,811166.03,30 days,UK
P002,SUP042,Services,2025-06,9,363615.45,30 days,UK
P002,SUP042,Mechanical,2025-07,7,414288.62,30 days,UK
P002,SUP042,Mechanical,2025-08,6,597536.58,30 days,UK
P002,SUP042,Software,2025-09,9,365116.91,30 days,UK
P002,SUP042,Electronics,2025-10,6,614206.48,30 days,UK
P002,SUP042,Logistics,2025-11,7,1163921.33,30 days,UK
P002,SUP042,Mechanical,2025-12,8,956235.85,30 days,UK
P002,SUP037,Services,2025-01,5,1830735.83,30 days,UK
P002,SUP037,Materials,2025-02,5,455531.24,30 days,UK
P002,SUP037,Services,2025-03,5,288215.98,30 days,UK
P002,SUP037,Logistics,2025-04,4,2130327.14,30 days,UK
P002,SUP037,Software,2025-05,7,510119.15,30 days,UK
P002,SUP037,Mechanical,2025-06,3,190678.67,30 days,UK
P002,SUP037,Electronics,2025-07,5,191304.12,30 days,UK
P002,SUP037,Mechanical,2025-08,3,1358657.9,30 days,UK
P002,SUP037,Electronics,2025-09,5,785913.5,30 days,UK
P002,SUP037,Electronics,2025-10,0,1397032.09,30 days,UK
P002,SUP037,Logistics,2025-11,3,655735.89,30 days,UK
P002,SUP037,Services,2025-12,6,1058571.2,30 days,UK
P002,SUP035,Services,2025-01,3,600212.75,30 days,UK
P002,SUP035,Mechanical,2025-02,5,1505132.06,30 days,UK
P002,SUP035,Software,2025-03,2,164064.28,30 days,UK
P002,SUP035,Software,2025-04,8,1169419.81,30 days,UK
P002,SUP035,Materials,2025-05,1,774974.05,30 days,UK
P002,SUP035,Mechanical,2025-06,5,947505.71,30 days,UK
P002,SUP035,Electronics,2025-07,4,1049007.51,30 days,UK
P002,SUP035,Services,2025-08,4,196704.1,30 days,UK
P002,SUP035,Materials,2025-09,5,326963.48,30 days,UK
P002,SUP035,Services,2025-10,4,539278.77,30 days,UK
P002,SUP035,Services,2025-11,5,737637.29,30 days,UK
P002,SUP035,Software,2025-12,6,1296904.16,30 days,UK
P003,SUP010,Electronics,2025-01,2,1342255.45,45 days,UK
P003,SUP010,Software,2025-02,4,571241.11,45 days,UK
P003,SUP010,Materials,2025-03,1,459584.41,45 days,UK
P003,SUP010,Software,2025-04,2,304327.02,45 days,UK
P003,SUP010,Materials,2025-05,2,1242734.81,45 days,UK
P003,SUP010,Services,2025-06,7,680163.42,45 days,UK
P003,SUP010,Electronics,2025-07,5,220128.47,45 days,UK
P003,SUP010,Logistics,2025-08,4,148625.92,45 days,UK
P003,SUP010,Software,2025-09,0,1253812.96,45 days,UK
P003,SUP010,Logistics,2025-10,4,1019061.59,45 days,UK
P003,SUP010,Electronics,2025-11,5,411995.78,45 days,UK
P003,SUP010,Logistics,2025-12,2,217467.11,45 days,UK
P003,SUP039,Materials,2025-01,3,712112.13,90 days,UK
P003,SUP039,Logistics,2025-02,1,352965.07,90 days,UK
P003,SUP039,Materials,2025-03,3,459190.34,90 days,UK
P003,SUP039,Services,2025-04,5,1106843.23,90 days,UK
P003,SUP039,Logistics,2025-05,0,1153544.2,90 days,UK
P003,SUP039,Electronics,2025-06,3,704716.52,90 days,UK
P003,SUP039,Software,2025-07,2,476982.96,90 days,UK
P003,SUP039,Services,2025-08,2,457311.12,90 days,UK
P003,SUP039,Logistics,2025-09,4,262417.03,90 days,UK
P003,SUP039,Software,2025-10,2,381992.56,90 days,UK
P003,SUP039,Logistics,2025-11,5,366484.89,90 days,UK
P003,SUP039,Electronics,2025-12,5,485958.82,90 days,UK
P003,SUP036,Logistics,2025-01,4,599978.67,60 days,APAC
P003,SUP036,Electronics,2025-02,3,460873.51,60 days,APAC
P003,SUP036,Logistics,2025-03,3,696521.19,60 days,APAC
P003,SUP036,Services,2025-04,1,232669.4,60 days,APAC
P003,SUP036,Logistics,2025-05,2,1193598.85,60 days,APAC
P003,SUP036,Logistics,2025-06,2,435126.19,60 days,APAC
P003,SUP036,Services,2025-07,6,111921.35,60 days,APAC
P003,SUP036,Software,2025-08,1,688655.84,60 days,APAC
P003,SUP036,Electronics,2025-09,6,469805.63,60 days,APAC
P003,SUP036,Mechanical,2025-10,5,160142.66,60 days,APAC
P003,SUP036,Electronics,2025-11,3,802001.78,60 days,APAC
P003,SUP036,Mechanical,2025-12,3,1301736.74,60 days,APAC
P003,SUP031,Logistics,2025-01,6,1525999.02,60 days,US
P003,SUP031,Software,2025-02,3,188084.32,60 days,US
P003,SUP031,Mechanical,2025-03,2,641091.91,60 days,US
P003,SUP031,Materials,2025-04,8,1362300,60 days,US
P003,SUP031,Materials,2025-05,7,1753068.45,60 days,US
P003,SUP031,Materials,2025-06,6,245272.84,60 days,US
P003,SUP031,Logistics,2025-07,2,330374.51,60 days,US
P003,SUP031,Logistics,2025-08,4,448895.06,60 days,US
P003,SUP031,Materials,2025-09,6,1194869.4,60 days,US
P003,SUP031,Materials,2025-10,5,409960.69,60 days,US
P003,SUP031,Electronics,2025-11,1,383128.6,60 days,US
P003,SUP031,Mechanical,2025-12,6,1753103.51,60 days,US
P003,SUP013,Electronics,2025-01,3,1231083.19,60 days,UK
P003,SUP013,Electronics,2025-02,4,718871.19,60 days,UK
P003,SUP013,Electronics,2025-03,6,114770.57,60 days,UK
P003,SUP013,Materials,2025-04,9,1113372.48,60 days,UK
P003,SUP013,Materials,2025-05,2,1240551.67,60 days,UK
P003,SUP013,Materials,2025-06,2,461126.58,60 days,UK
P003,SUP013,Software,2025-07,0,1415866.21,60 days,UK
P003,SUP013,Electronics,2025-08,2,1029243.92,60 days,UK
P003,SUP013,Electronics,2025-09,7,494589.24,60 days,UK
P003,SUP013,Electronics,2025-10,3,770746.85,60 days,UK
P003,SUP013,Software,2025-11,0,267818.47,60 days,UK
P003,SUP013,Mechanical,2025-12,0,820624.52,60 days,UK
P003,SUP045,Software,2025-01,0,1031466.07,30 days,US
P003,SUP045,Logistics,2025-02,5,993215.27,30 days,US
P003,SUP045,Electronics,2025-03,5,1000663.96,30 days,US
P003,SUP045,Logistics,2025-04,8,126904.73,30 days,US
P003,SUP045,Electronics,2025-05,2,723117.98,30 days,US
P003,SUP045,Logistics,2025-06,3,1330866.38,30 days,US
P003,SUP045,Services,2025-07,7,927699.62,30 days,US
P003,SUP045,Logistics,2025-08,5,1276276.12,30 days,US
P003,SUP045,Materials,2025-09,8,1380461.47,30 days,US
P003,SUP045,Electronics,2025-10,8,1178592.9,30 days,US
P003,SUP045,Software,2025-11,2,931000.42,30 days,US
P003,SUP045,Logistics,2025-12,5,1409214.43,30 days,US
P003,SUP034,Electronics,2025-01,4,1112675.61,60 days,US
P003,SUP034,Electronics,2025-02,7,1053911.47,60 days,US
P003,SUP034,Logistics,2025-03,4,2597244.91,60 days,US
P003,SUP034,Services,2025-04,5,246352.25,60 days,US
P003,SUP034,Electronics,2025-05,5,401513.68,60 days,US
P003,SUP034,Materials,2025-06,3,541270.7,60 days,US
P003,SUP034,Logistics,2025-07,3,2117139.15,60 days,US
P003,SUP034,Materials,2025-08,6,1120859.8,60 days,US
P003,SUP034,Software,2025-09,6,830848.6,60 days,US
P003,SUP034,Logistics,2025-10,6,668108.83,60 days,US
P003,SUP034,Software,2025-11,3,255319.53,60 days,US
P003,SUP034,Mechanical,2025-12,4,409097.78,60 days,US
P003,SUP044,Services,2025-01,4,121379.12,45 days,UK
P003,SUP044,Logistics,2025-02,2,864703.1,45 days,UK
P003,SUP044,Materials,2025-03,3,190946.53,45 days,UK
P003,SUP044,Mechanical,2025-04,2,1097079.24,45 days,UK
P003,SUP044,Materials,2025-05,0,711621.14,45 days,UK
P003,SUP044,Electronics,2025-06,6,1378151.3,45 days,UK
P003,SUP044,Services,2025-07,7,388820.47,45 days,UK
P003,SUP044,Materials,2025-08,6,1821125.24,45 days,UK
P003,SUP044,Software,2025-09,6,459379.85,45 days,UK
P003,SUP044,Software,2025-10,5,928000.13,45 days,UK
P003,SUP044,Mechanical,2025-11,3,700966.34,45 days,UK
P003,SUP044,Electronics,2025-12,4,497362.64,45 days,UK
P003,SUP050,Services,2025-01,1,392015.91,30 days,APAC
P003,SUP050,Logistics,2025-02,2,512850.9,30 days,APAC
P003,SUP050,Services,2025-03,6,565663.72,30 days,APAC
P003,SUP050,Electronics,2025-04,3,97068.24,30 days,APAC
P003,SUP050,Materials,2025-05,3,92905.3,30 days,APAC
P003,SUP050,Materials,2025-06,1,225561.61,30 days,APAC
P003,SUP050,Software,2025-07,3,1141990.75,30 days,APAC
P003,SUP050,Logistics,2025-08,3,1053347.13,30 days,APAC
P003,SUP050,Services,2025-09,3,1115387.46,30 days,APAC
P003,SUP050,Services,2025-10,4,548449.35,30 days,APAC
P003,SUP050,Materials,2025-11,0,532257.16,30 days,APAC
P003,SUP050,Materials,2025-12,4,265347.05,30 days,APAC
P003,SUP007,Mechanical,2025-01,0,826099.45,45 days,APAC
P003,SUP007,Electronics,2025-02,6,469601.87,45 days,APAC
P003,SUP007,Mechanical,2025-03,2,479962.43,45 days,APAC
P003,SUP007,Software,2025-04,7,466380.22,45 days,APAC
P003,SUP007,Logistics,2025-05,4,1021340.48,45 days,APAC
P003,SUP007,Logistics,2025-06,2,652422.47,45 days,APAC
P003,SUP007,Services,2025-07,4,1349227.18,45 days,APAC
P003,SUP007,Electronics,2025-08,3,124385.97,45 days,APAC
P003,SUP007,Services,2025-09,6,1305352.45,45 days,APAC
P003,SUP007,Logistics,2025-10,5,1046302.89,45 days,APAC
P003,SUP007,Mechanical,2025-11,6,622537.12,45 days,APAC
P003,SUP007,Logistics,2025-12,5,1066838.92,45 days,APAC
P003,SUP037,Services,2025-01,4,223434.91,30 days,UK
P003,SUP037,Materials,2025-02,5,1022900.8,30 days,UK
P003,SUP037,Services,2025-03,3,256765.17,30 days,UK
P003,SUP037,Materials,2025-04,7,777697.49,30 days,UK
P003,SUP037,Services,2025-05,6,1784919.96,30 days,UK
P003,SUP037,Logistics,2025-06,6,1273641.07,30 days,UK
P003,SUP037,Services,2025-07,0,1192966.62,30 days,UK
P003,SUP037,Logistics,2025-08,2,653103.03,30 days,UK
P003,SUP037,Materials,2025-09,5,666623.32,30 days,UK
P003,SUP037,Electronics,2025-10,3,1224098.2,30 days,UK
P003,SUP037,Services,2025-11,2,327070.66,30 days,UK
P003,SUP037,Mechanical,2025-12,11,592968.81,30 days,UK
P003,SUP025,Logistics,2025-01,3,994383.05,60 days,US
P003,SUP025,Logistics,2025-02,6,685620.67,60 days,US
P003,SUP025,Materials,2025-03,6,129096.72,60 days,US
P003,SUP025,Software,2025-04,3,572036.46,60 days,US
P003,SUP025,Logistics,2025-05,1,131974.97,60 days,US
P003,SUP025,Logistics,2025-06,6,778929.49,60 days,US
P003,SUP025,Logistics,2025-07,4,213395.58,60 days,US
P003,SUP025,Materials,2025-08,7,233369.83,60 days,US
P003,SUP025,Logistics,2025-09,2,589246.41,60 days,US
P003,SUP025,Logistics,2025-10,2,1262727.96,60 days,US
P003,SUP025,Electronics,2025-11,3,465329.07,60 days,US
P003,SUP025,Services,2025-12,3,291802.9,60 days,US
P003,SUP043,Logistics,2025-01,0,1321569.54,60 days,EU
P003,SUP043,Logistics,2025-02,5,513843.87,60 days,EU
P003,SUP043,Logistics,2025-03,2,915586.94,60 days,EU
P003,SUP043,Mechanical,2025-04,3,600215.2,60 days,EU
P003,SUP043,Services,2025-05,5,298120.99,60 days,EU
P003,SUP043,Services,2025-06,2,145968.18,60 days,EU
P003,SUP043,Electronics,2025-07,5,1320658.87,60 days,EU
P003,SUP043,Logistics,2025-08,2,1141487.11,60 days,EU
P003,SUP043,Software,2025-09,4,154490.2,60 days,EU
P003,SUP043,Electronics,2025-10,3,400527.66,60 days,EU
P003,SUP043,Mechanical,2025-11,3,929512.6,60 days,EU
P003,SUP043,Services,2025-12,5,1060413.99,60 days,EU
P003,SUP032,Services,2025-01,2,242727.24,90 days,APAC
P003,SUP032,Services,2025-02,8,217851.35,90 days,APAC
P003,SUP032,Services,2025-03,3,131157.9,90 days,APAC
P003,SUP032,Logistics,2025-04,2,174896.42,90 days,APAC
P003,SUP032,Mechanical,2025-05,0,199760.71,90 days,APAC
P003,SUP032,Logistics,2025-06,3,243735.66,90 days,APAC
P003,SUP032,Software,2025-07,0,318718.21,90 days,APAC
P003,SUP032,Mechanical,2025-08,0,331141.77,90 days,APAC
P003,SUP032,Mechanical,2025-09,4,1073410.81,90 days,APAC
P003,SUP032,Mechanical,2025-10,4,93723.99,90 days,APAC
P003,SUP032,Services,2025-11,2,597071.62,90 days,APAC
P003,SUP032,Materials,2025-12,4,835743.73,90 days,APAC
P003,SUP002,Services,2025-01,6,1134000.71,90 days,EU
P003,SUP002,Logistics,2025-02,6,876301.4,90 days,EU
P003,SUP002,Mechanical,2025-03,7,812680.95,90 days,EU
P003,SUP002,Electronics,2025-04,2,1487755.55,90 days,EU
P003,SUP002,Logistics,2025-05,1,1314205.65,90 days,EU
P003,SUP002,Software,2025-06,4,1948838.04,90 days,EU
P003,SUP002,Logistics,2025-07,4,1104372.13,90 days,EU
P003,SUP002,Software,2025-08,4,1232015.76,90 days,EU
P003,SUP002,Logistics,2025-09,5,163456.91,90 days,EU
P003,SUP002,Logistics,2025-10,4,304318.68,90 days,EU
P003,SUP002,Materials,2025-11,4,723980.39,90 days,EU
P003,SUP002,Software,2025-12,3,1440912.34,90 days,EU
P003,SUP021,Logistics,2025-01,2,968652.66,60 days,US
P003,SUP021,Mechanical,2025-02,0,1239771.69,60 days,US
P003,SUP021,Logistics,2025-03,1,107603.92,60 days,US
P003,SUP021,Electronics,2025-04,5,321525.65,60 days,US
P003,SUP021,Software,2025-05,3,66501.82,60 days,US
P003,SUP021,Services,2025-06,5,1076782.92,60 days,US
P003,SUP021,Materials,2025-07,4,873808.37,60 days,US
P003,SUP021,Services,2025-08,4,201482.48,60 days,US
P003,SUP021,Materials,2025-09,5,708832.12,60 days,US
P003,SUP021,Materials,2025-10,4,155046.67,60 days,US
P003,SUP021,Materials,2025-11,0,1279747.98,60 days,US
P003,SUP021,Materials,2025-12,2,1110031.28,60 days,US
P003,SUP014,Mechanical,2025-01,3,636391.55,90 days,APAC
P003,SUP014,Materials,2025-02,0,988357.36,90 days,APAC
P003,SUP014,Materials,2025-03,1,52030.44,90 days,APAC
P003,SUP014,Software,2025-04,7,120116.32,90 days,APAC
P003,SUP014,Logistics,2025-05,0,303512.65,90 days,APAC
P003,SUP014,Materials,2025-06,5,472329.71,90 days,APAC
P003,SUP014,Services,2025-07,3,436978.88,90 days,APAC
P003,SUP014,Software,2025-08,0,366887.33,90 days,APAC
P003,SUP014,Materials,2025-09,6,409693.65,90 days,APAC
P003,SUP014,Mechanical,2025-10,0,248310.16,90 days,APAC
P003,SUP014,Services,2025-11,8,754198.93,90 days,APAC
P003,SUP014,Materials,2025-12,1,108653.82,90 days,APAC
P003,SUP003,Logistics,2025-01,0,1192830.98,60 days,APAC
P003,SUP003,Services,2025-02,3,1009330.62,60 days,APAC
P003,SUP003,Mechanical,2025-03,1,472455.38,60 days,APAC
P003,SUP003,Electronics,2025-04,2,633545.91,60 days,APAC
P003,SUP003,Materials,2025-05,2,193541.35,60 days,APAC
P003,SUP003,Services,2025-06,4,699001.68,60 days,APAC
P003,SUP003,Logistics,2025-07,0,980361.49,60 days,APAC
P003,SUP003,Materials,2025-08,4,330682.92,60 days,APAC
P003,SUP003,Materials,2025-09,1,141612.11,60 days,APAC
P003,SUP003,Services,2025-10,0,62639.71,60 days,APAC
P003,SUP003,Electronics,2025-11,0,997322.21,60 days,APAC
P003,SUP003,Software,2025-12,2,282362.68,60 days,APAC
P003,SUP022,Logistics,2025-01,2,674028.52,45 days,UK
P003,SUP022,Logistics,2025-02,2,629811.45,45 days,UK
P003,SUP022,Software,2025-03,3,1236475.11,45 days,UK
P003,SUP022,Materials,2025-04,0,491335.51,45 days,UK
P003,SUP022,Services,2025-05,0,590208.22,45 days,UK
P003,SUP022,Logistics,2025-06,4,93583.51,45 days,UK
P003,SUP022,Software,2025-07,1,1740790.85,45 days,UK
P003,SUP022,Software,2025-08,4,987031.27,45 days,UK
P003,SUP022,Services,2025-09,3,777330.83,45 days,UK
P003,SUP022,Mechanical,2025-10,3,407214.44,45 days,UK
P003,SUP022,Software,2025-11,1,316772.2,45 days,UK
P003,SUP022,Mechanical,2025-12,5,146205.73,45 days,UK
P003,SUP018,Mechanical,2025-01,2,126019.18,30 days,APAC
P003,SUP018,Software,2025-02,2,128572.12,30 days,APAC
P003,SUP018,Materials,2025-03,0,873974.62,30 days,APAC
P003,SUP018,Software,2025-04,1,479382.24,30 days,APAC
P003,SUP018,Materials,2025-05,3,630955.5,30 days,APAC
P003,SUP018,Software,2025-06,6,1587834.14,30 days,APAC
P003,SUP018,Services,2025-07,0,367255.25,30 days,APAC
P003,SUP018,Software,2025-08,1,1473443.25,30 days,APAC
P003,SUP018,Software,2025-09,0,289664.95,30 days,APAC
P003,SUP018,Logistics,2025-10,7,1445015.05,30 days,APAC
P003,SUP018,Services,2025-11,6,1062252.56,30 days,APAC
P003,SUP018,Services,2025-12,8,463621.49,30 days,APAC
P003,SUP033,Electronics,2025-01,4,656516.09,60 days,UK
P003,SUP033,Services,2025-02,4,878771.8,60 days,UK
P003,SUP033,Logistics,2025-03,4,1010185.97,60 days,UK
P003,SUP033,Electronics,2025-04,3,1175361.11,60 days,UK
P003,SUP033,Electronics,2025-05,4,1126653.76,60 days,UK
P003,SUP033,Electronics,2025-06,2,181715.38,60 days,UK
P003,SUP033,Logistics,2025-07,1,946303.36,60 days,UK
P003,SUP033,Software,2025-08,8,421410.31,60 days,UK
P003,SUP033,Software,2025-09,7,146224.08,60 days,UK
P003,SUP033,Materials,2025-10,8,327591.95,60 days,UK
P003,SUP033,Mechanical,2025-11,5,1215364.36,60 days,UK
P003,SUP033,Materials,2025-12,1,449048.74,60 days,UK
P003,SUP042,Mechanical,2025-01,5,972398.69,30 days,UK
P003,SUP042,Mechanical,2025-02,5,360908,30 days,UK
P003,SUP042,Logistics,2025-03,0,638924.83,30 days,UK
P003,SUP042,Mechanical,2025-04,6,1393127.46,30 days,UK
P003,SUP042,Services,2025-05,5,867491.74,30 days,UK
P003,SUP042,Software,2025-06,6,233771.24,30 days,UK
P003,SUP042,Logistics,2025-07,3,959841.09,30 days,UK
P003,SUP042,Logistics,2025-08,6,599950.84,30 days,UK
P003,SUP042,Materials,2025-09,6,511981.55,30 days,UK
P003,SUP042,Logistics,2025-10,2,607024.94,30 days,UK
P003,SUP042,Logistics,2025-11,5,953367.79,30 days,UK
P003,SUP042,Electronics,2025-12,6,345894.6,30 days,UK
P003,SUP012,Mechanical,2025-01,7,213441.52,90 days,US
P003,SUP012,Mechanical,2025-02,3,1401127.48,90 days,US
P003,SUP012,Services,2025-03,3,968937.08,90 days,US
P003,SUP012,Materials,2025-04,5,371287.77,90 days,US
P003,SUP012,Electronics,2025-05,1,364146.88,90 days,US
P003,SUP012,Logistics,2025-06,5,979273.34,90 days,US
P003,SUP012,Services,2025-07,1,1815669.17,90 days,US
P003,SUP012,Services,2025-08,5,205274.31,90 days,US
P003,SUP012,Services,2025-09,5,1394730.24,90 days,US
P003,SUP012,Services,2025-10,2,877666.55,90 days,US
P003,SUP012,Services,2025-11,4,370906.98,90 days,US
P003,SUP012,Services,2025-12,3,368581.53,90 days,US
P003,SUP020,Electronics,2025-01,3,569658.06,60 days,UK
P003,SUP020,Mechanical,2025-02,0,758575.56,60 days,UK
P003,SUP020,Logistics,2025-03,3,1755177.42,60 days,UK
P003,SUP020,Materials,2025-04,2,78682.44,60 days,UK
P003,SUP020,Logistics,2025-05,2,68007.26,60 days,UK
P003,SUP020,Software,2025-06,0,1468254.76,60 days,UK
P003,SUP020,Mechanical,2025-07,4,140289.44,60 days,UK
P003,SUP020,Logistics,2025-08,5,1197436.87,60 days,UK
P003,SUP020,Logistics,2025-09,3,793307.39,60 days,UK
P003,SUP020,Electronics,2025-10,2,839970.56,60 days,UK
P003,SUP020,Mechanical,2025-11,3,544617.08,60 days,UK
P003,SUP020,Software,2025-12,1,53558.79,60 days,UK
P003,SUP017,Materials,2025-01,3,825375.34,90 days,EU
P003,SUP017,Materials,2025-02,1,328803.72,90 days,EU
P003,SUP017,Logistics,2025-03,3,626040.16,90 days,EU
P003,SUP017,Software,2025-04,6,897984.81,90 days,EU
P003,SUP017,Materials,2025-05,4,522344.73,90 days,EU
P003,SUP017,Mechanical,2025-06,1,373546.53,90 days,EU
P003,SUP017,Mechanical,2025-07,3,1001547.84,90 days,EU
P003,SUP017,Services,2025-08,3,322322.21,90 days,EU
P003,SUP017,Software,2025-09,3,742745.08,90 days,EU
P003,SUP017,Software,2025-10,4,1060945.08,90 days,EU
P003,SUP017,Mechanical,2025-11,6,75169.97,90 days,EU
P003,SUP017,Materials,2025-12,1,1360082.19,90 days,EU
P003,SUP006,Materials,2025-01,1,197144.05,60 days,APAC
P003,SUP006,Logistics,2025-02,2,856710.68,60 days,APAC
P003,SUP006,Electronics,2025-03,2,1181634.67,60 days,APAC
P003,SUP006,Software,2025-04,4,1029989.66,60 days,APAC
P003,SUP006,Services,2025-05,4,881804.94,60 days,APAC
P003,SUP006,Electronics,2025-06,5,1166570.68,60 days,APAC
P003,SUP006,Logistics,2025-07,6,378655.95,60 days,APAC
P003,SUP006,Mechanical,2025-08,1,798888.03,60 days,APAC
P003,SUP006,Electronics,2025-09,2,813266.38,60 days,APAC
P003,SUP006,Services,2025-10,3,582277.97,60 days,APAC
P003,SUP006,Mechanical,2025-11,2,851561.9,60 days,APAC
P003,SUP006,Materials,2025-12,5,420716.4,60 days,APAC
P003,SUP001,Mechanical,2025-01,6,1024011.86,90 days,EU
P003,SUP001,Electronics,2025-02,8,367910.35,90 days,EU
P003,SUP001,Software,2025-03,7,520522.36,90 days,EU
P003,SUP001,Services,2025-04,4,1262824.31,90 days,EU
P003,SUP001,Services,2025-05,7,498939.93,90 days,EU
P003,SUP001,Materials,2025-06,6,67869.05,90 days,EU
P003,SUP001,Materials,2025-07,6,460638.32,90 days,EU
P003,SUP001,Software,2025-08,7,1106158.65,90 days,EU
P003,SUP001,Software,2025-09,6,184020,90 days,EU
P003,SUP001,Software,2025-10,0,1250691.2,90 days,EU
P003,SUP001,Logistics,2025-11,4,776738.5,90 days,EU
P003,SUP001,Logistics,2025-12,6,840726.46,90 days,EU
P003,SUP040,Services,2025-01,2,293940.93,45 days,APAC
P003,SUP040,Software,2025-02,2,746534.39,45 days,APAC
P003,SUP040,Materials,2025-03,1,552248.39,45 days,APAC
P003,SUP040,Services,2025-04,5,1078932.73,45 days,APAC
P003,SUP040,Software,2025-05,2,1214285.79,45 days,APAC
P003,SUP040,Materials,2025-06,4,759488.7,45 days,APAC
P003,SUP040,Software,2025-07,8,99967.43,45 days,APAC
P003,SUP040,Software,2025-08,8,146491.38,45 days,APAC
P003,SUP040,Software,2025-09,3,776881.66,45 days,APAC
P003,SUP040,Logistics,2025-10,6,89008.93,45 days,APAC
P003,SUP040,Services,2025-11,4,440147.41,45 days,APAC
P003,SUP040,Software,2025-12,2,771525.21,45 days,APAC
P004,SUP013,Software,2025-01,4,1317717.67,60 days,UK
P004,SUP013,Electronics,2025-02,4,441677.79,60 days,UK
P004,SUP013,Mechanical,2025-03,3,102671.84,60 days,UK
P004,SUP013,Mechanical,2025-04,4,753330.91,60 days,UK
P004,SUP013,Logistics,2025-05,0,518156.84,60 days,UK
P004,SUP013,Mechanical,2025-06,4,175774.56,60 days,UK
P004,SUP013,Software,2025-07,2,1057369.87,60 days,UK
P004,SUP013,Logistics,2025-08,0,323013.35,60 days,UK
P004,SUP013,Services,2025-09,3,1241830.45,60 days,UK
P004,SUP013,Logistics,2025-10,3,339213.04,60 days,UK
P004,SUP013,Electronics,2025-11,1,606231.08,60 days,UK
P004,SUP013,Mechanical,2025-12,4,629000.2,60 days,UK
P004,SUP002,Software,2025-01,2,196997.03,90 days,EU
P004,SUP002,Electronics,2025-02,8,1405359.07,90 days,EU
P004,SUP002,Mechanical,2025-03,3,388127.63,90 days,EU
P004,SUP002,Logistics,2025-04,2,976975.84,90 days,EU
P004,SUP002,Mechanical,2025-05,8,2007736.67,90 days,EU
P004,SUP002,Electronics,2025-06,1,1064090.03,90 days,EU
P004,SUP002,Electronics,2025-07,4,650451.25,90 days,EU
P004,SUP002,Mechanical,2025-08,3,797805.84,90 days,EU
P004,SUP002,Software,2025-09,3,656015.1,90 days,EU
P004,SUP002,Services,2025-10,2,1951261.71,90 days,EU
P004,SUP002,Services,2025-11,5,65479.65,90 days,EU
P004,SUP002,Software,2025-12,8,318970.4,90 days,EU
P004,SUP022,Electronics,2025-01,8,273910.2,45 days,UK
P004,SUP022,Logistics,2025-02,0,699205.97,45 days,UK
P004,SUP022,Services,2025-03,5,803867.92,45 days,UK
P004,SUP022,Services,2025-04,5,187983.33,45 days,UK
P004,SUP022,Electronics,2025-05,1,922512.44,45 days,UK
P004,SUP022,Software,2025-06,1,609336.69,45 days,UK
P004,SUP022,Mechanical,2025-07,2,302611.54,45 days,UK
P004,SUP022,Materials,2025-08,5,495342.93,45 days,UK
P004,SUP022,Electronics,2025-09,4,849472.87,45 days,UK
P004,SUP022,Mechanical,2025-10,1,307383.64,45 days,UK
P004,SUP022,Services,2025-11,4,275066.34,45 days,UK
P004,SUP022,Electronics,2025-12,4,287296.29,45 days,UK
P004,SUP009,Mechanical,2025-01,8,153893.38,30 days,US
P004,SUP009,Logistics,2025-02,4,937553.16,30 days,US
P004,SUP009,Materials,2025-03,5,631506.43,30 days,US
P004,SUP009,Logistics,2025-04,3,666313.54,30 days,US
P004,SUP009,Services,2025-05,3,97539.33,30 days,US
P004,SUP009,Software,2025-06,7,1010424.91,30 days,US
P004,SUP009,Logistics,2025-07,1,444201.78,30 days,US
P004,SUP009,Logistics,2025-08,1,380995.8,30 days,US
P004,SUP009,Mechanical,2025-09,5,999128.91,30 days,US
P004,SUP009,Electronics,2025-10,2,824475.54,30 days,US
P004,SUP009,Software,2025-11,1,879895.48,30 days,US
P004,SUP009,Services,2025-12,6,1003407.86,30 days,US
P004,SUP003,Software,2025-01,3,345917.4,60 days,APAC
P004,SUP003,Logistics,2025-02,3,377775.42,60 days,APAC
P004,SUP003,Mechanical,2025-03,6,277590.32,60 days,APAC
P004,SUP003,Electronics,2025-04,1,874830.14,60 days,APAC
P004,SUP003,Electronics,2025-05,2,267329.26,60 days,APAC
P004,SUP003,Electronics,2025-06,7,982603.96,60 days,APAC
P004,SUP003,Mechanical,2025-07,2,250854.65,60 days,APAC
P004,SUP003,Services,2025-08,0,599390.23,60 days,APAC
P004,SUP003,Services,2025-09,2,717753.41,60 days,APAC
P004,SUP003,Software,2025-10,0,237006.42,60 days,APAC
P004,SUP003,Electronics,2025-11,0,338961.75,60 days,APAC
P004,SUP003,Services,2025-12,0,572016.79,60 days,APAC
P004,SUP039,Software,2025-01,4,1387058.71,90 days,UK
P004,SUP039,Electronics,2025-02,6,601343.46,90 days,UK
P004,SUP039,Software,2025-03,4,1276308.06,90 days,UK
P004,SUP039,Services,2025-04,5,711698.62,90 days,UK
P004,SUP039,Logistics,2025-05,0,277022.23,90 days,UK
P004,SUP039,Electronics,2025-06,0,303589.44,90 days,UK
P004,SUP039,Software,2025-07,1,805474.87,90 days,UK
P004,SUP039,Mechanical,2025-08,5,186393.32,90 days,UK
P004,SUP039,Materials,2025-09,7,1223725.74,90 days,UK
P004,SUP039,Electronics,2025-10,0,384786.72,90 days,UK
P004,SUP039,Electronics,2025-11,4,306694.4,90 days,UK
P004,SUP039,Logistics,2025-12,2,964907.68,90 days,UK
P004,SUP017,Mechanical,2025-01,1,371635.72,90 days,EU
P004,SUP017,Services,2025-02,6,518809.39,90 days,EU
P004,SUP017,Electronics,2025-03,0,470893.65,90 days,EU
P004,SUP017,Logistics,2025-04,5,844266.69,90 days,EU
P004,SUP017,Materials,2025-05,2,1107830.45,90 days,EU
P004,SUP017,Software,2025-06,5,369055.49,90 days,EU
P004,SUP017,Software,2025-07,5,573348.69,90 days,EU
P004,SUP017,Electronics,2025-08,3,737540.61,90 days,EU
P004,SUP017,Logistics,2025-09,3,458688.39,90 days,EU
P004,SUP017,Materials,2025-10,0,182273.65,90 days,EU
P004,SUP017,Software,2025-11,2,813075.84,90 days,EU
P004,SUP017,Software,2025-12,1,218932.46,90 days,EU
P004,SUP038,Electronics,2025-01,2,662464.34,45 days,US
P004,SUP038,Electronics,2025-02,1,781306.57,45 days,US
P004,SUP038,Logistics,2025-03,6,164559.48,45 days,US
P004,SUP038,Software,2025-04,6,475121.02,45 days,US
P004,SUP038,Software,2025-05,2,898491.07,45 days,US
P004,SUP038,Logistics,2025-06,4,240727.56,45 days,US
P004,SUP038,Logistics,2025-07,2,41732.43,45 days,US
P004,SUP038,Software,2025-08,3,430578.74,45 days,US
P004,SUP038,Materials,2025-09,7,1222719.98,45 days,US
P004,SUP038,Electronics,2025-10,3,1540013.96,45 days,US
P004,SUP038,Materials,2025-11,5,218521.5,45 days,US
P004,SUP038,Software,2025-12,3,1528234.56,45 days,US
P004,SUP029,Electronics,2025-01,3,1036441.93,45 days,US
P004,SUP029,Services,2025-02,5,1576515.18,45 days,US
P004,SUP029,Logistics,2025-03,5,1578956.78,45 days,US
P004,SUP029,Mechanical,2025-04,2,832439.92,45 days,US
P004,SUP029,Services,2025-05,5,359253.52,45 days,US
P004,SUP029,Electronics,2025-06,4,1324789.95,45 days,US
P004,SUP029,Mechanical,2025-07,2,361878.65,45 days,US
P004,SUP029,Mechanical,2025-08,6,1204563.48,45 days,US
P004,SUP029,Services,2025-09,3,1348301.35,45 days,US
P004,SUP029,Services,2025-10,9,1285217.84,45 days,US
P004,SUP029,Services,2025-11,6,163352.78,45 days,US
P004,SUP029,Software,2025-12,8,628108.34,45 days,US
P004,SUP034,Mechanical,2025-01,6,1819231.41,60 days,US
P004,SUP034,Mechanical,2025-02,4,932423.86,60 days,US
P004,SUP034,Electronics,2025-03,4,1106847.17,60 days,US
P004,SUP034,Electronics,2025-04,7,1028383.54,60 days,US
P004,SUP034,Mechanical,2025-05,3,957744.05,60 days,US
P004,SUP034,Logistics,2025-06,5,1488776.53,60 days,US
P004,SUP034,Mechanical,2025-07,2,545630.7,60 days,US
P004,SUP034,Electronics,2025-08,3,926827.94,60 days,US
P004,SUP034,Software,2025-09,1,953690.12,60 days,US
P004,SUP034,Services,2025-10,2,1057733.67,60 days,US
P004,SUP034,Mechanical,2025-11,5,1275454.12,60 days,US
P004,SUP034,Services,2025-12,5,1772640.99,60 days,US
P004,SUP049,Mechanical,2025-01,6,819696.65,90 days,US
P004,SUP049,Materials,2025-02,3,526897.49,90 days,US
P004,SUP049,Mechanical,2025-03,4,1322803.92,90 days,US
P004,SUP049,Electronics,2025-04,4,787696.07,90 days,US
P004,SUP049,Materials,2025-05,0,488236.41,90 days,US
P004,SUP049,Logistics,2025-06,1,509349.75,90 days,US
P004,SUP049,Software,2025-07,4,620708.33,90 days,US
P004,SUP049,Logistics,2025-08,5,499190.76,90 days,US
P004,SUP049,Logistics,2025-09,10,734789.77,90 days,US
P004,SUP049,Logistics,2025-10,1,189211.45,90 days,US
P004,SUP049,Electronics,2025-11,8,483194.83,90 days,US
P004,SUP049,Electronics,2025-12,1,253498.74,90 days,US
P004,SUP006,Services,2025-01,7,743546.64,60 days,APAC
P004,SUP006,Electronics,2025-02,5,229968.13,60 days,APAC
P004,SUP006,Materials,2025-03,4,776755.37,60 days,APAC
P004,SUP006,Electronics,2025-04,1,1106417.26,60 days,APAC
P004,SUP006,Services,2025-05,5,188857.68,60 days,APAC
P004,SUP006,Logistics,2025-06,2,1029457.87,60 days,APAC
P004,SUP006,Materials,2025-07,0,489617.97,60 days,APAC
P004,SUP006,Materials,2025-08,2,198480.54,60 days,APAC
P004,SUP006,Electronics,2025-09,3,300141.94,60 days,APAC
P004,SUP006,Mechanical,2025-10,3,758209.81,60 days,APAC
P004,SUP006,Logistics,2025-11,0,53578.13,60 days,APAC
P004,SUP006,Mechanical,2025-12,0,39771,60 days,APAC
P004,SUP031,Services,2025-01,7,116906.97,60 days,US
P004,SUP031,Mechanical,2025-02,2,1263450.89,60 days,US
P004,SUP031,Services,2025-03,7,370049.16,60 days,US
P004,SUP031,Software,2025-04,5,113747.35,60 days,US
P004,SUP031,Electronics,2025-05,3,738890.69,60 days,US
P004,SUP031,Logistics,2025-06,6,370587.45,60 days,US
P004,SUP031,Mechanical,2025-07,5,73012.08,60 days,US
P004,SUP031,Mechanical,2025-08,6,829142.51,60 days,US
P004,SUP031,Services,2025-09,7,1264634.71,60 days,US
P004,SUP031,Software,2025-10,7,70182.07,60 days,US
P004,SUP031,Mechanical,2025-11,3,491269.88,60 days,US
P004,SUP031,Mechanical,2025-12,5,343522.83,60 days,US
P004,SUP024,Logistics,2025-01,4,1141691.52,30 days,US
P004,SUP024,Services,2025-02,1,1087639.98,30 days,US
P004,SUP024,Electronics,2025-03,4,625551.11,30 days,US
P004,SUP024,Software,2025-04,8,518171.33,30 days,US
P004,SUP024,Electronics,2025-05,1,572326.24,30 days,US
P004,SUP024,Services,2025-06,2,1135811.75,30 days,US
P004,SUP024,Software,2025-07,5,232515.89,30 days,US
P004,SUP024,Materials,2025-08,5,1269191.15,30 days,US
P004,SUP024,Electronics,2025-09,8,253252.15,30 days,US
P004,SUP024,Materials,2025-10,4,641552.36,30 days,US
P004,SUP024,Software,2025-11,5,196059.75,30 days,US
P004,SUP024,Software,2025-12,2,405653.2,30 days,US
P004,SUP005,Materials,2025-01,4,1906309.19,45 days,UK
P004,SUP005,Software,2025-02,7,817186.33,45 days,UK
P004,SUP005,Electronics,2025-03,7,210766.43,45 days,UK
P004,SUP005,Software,2025-04,3,706919.21,45 days,UK
P004,SUP005,Electronics,2025-05,3,1084609.3,45 days,UK
P004,SUP005,Materials,2025-06,3,409324.4,45 days,UK
P004,SUP005,Logistics,2025-07,4,796589.3,45 days,UK
P004,SUP005,Software,2025-08,0,691599.99,45 days,UK
P004,SUP005,Electronics,2025-09,4,1760822.58,45 days,UK
P004,SUP005,Materials,2025-10,5,1209978.7,45 days,UK
P004,SUP005,Software,2025-11,6,1610076.87,45 days,UK
P004,SUP005,Logistics,2025-12,2,1274271.61,45 days,UK
P004,SUP036,Logistics,2025-01,4,218652.3,60 days,APAC
P004,SUP036,Materials,2025-02,4,749728.12,60 days,APAC
P004,SUP036,Materials,2025-03,5,672649.99,60 days,APAC
P004,SUP036,Services,2025-04,2,809879.47,60 days,APAC
P004,SUP036,Mechanical,2025-05,5,169055.33,60 days,APAC
P004,SUP036,Electronics,2025-06,4,939871.13,60 days,APAC
P004,SUP036,Software,2025-07,0,957585.07,60 days,APAC
P004,SUP036,Software,2025-08,3,507591.42,60 days,APAC
P004,SUP036,Mechanical,2025-09,4,438210.71,60 days,APAC
P004,SUP036,Logistics,2025-10,4,185657.56,60 days,APAC
P004,SUP036,Materials,2025-11,0,825180.42,60 days,APAC
P004,SUP036,Services,2025-12,5,392529.92,60 days,APAC
P004,SUP046,Logistics,2025-01,8,941843.91,90 days,EU
P004,SUP046,Materials,2025-02,6,116203.13,90 days,EU
P004,SUP046,Electronics,2025-03,3,355047,90 days,EU
P004,SUP046,Software,2025-04,3,287009.06,90 days,EU
P004,SUP046,Mechanical,2025-05,9,1823855.88,90 days,EU
P004,SUP046,Materials,2025-06,4,205028.73,90 days,EU
P004,SUP046,Logistics,2025-07,6,1471015.32,90 days,EU
P004,SUP046,Mechanical,2025-08,5,187324.31,90 days,EU
P004,SUP046,Electronics,2025-09,6,81348.47,90 days,EU
P004,SUP046,Materials,2025-10,4,272834.43,90 days,EU
P004,SUP046,Mechanical,2025-11,1,188327.36,90 days,EU
P004,SUP046,Materials,2025-12,4,770556.7,90 days,EU
P004,SUP040,Services,2025-01,0,268688.08,45 days,APAC
P004,SUP040,Mechanical,2025-02,4,1268966.99,45 days,APAC
P004,SUP040,Materials,2025-03,6,933453.02,45 days,APAC
P004,SUP040,Services,2025-04,4,1175812.59,45 days,APAC
P004,SUP040,Mechanical,2025-05,2,1184316.35,45 days,APAC
P004,SUP040,Services,2025-06,1,1060214.95,45 days,APAC
P004,SUP040,Services,2025-07,2,1264452.5,45 days,APAC
P004,SUP040,Software,2025-08,1,234471.22,45 days,APAC
P004,SUP040,Materials,2025-09,4,803294.14,45 days,APAC
P004,SUP040,Software,2025-10,5,464155.14,45 days,APAC
P004,SUP040,Services,2025-11,5,695766.66,45 days,APAC
P004,SUP040,Logistics,2025-12,7,302091.64,45 days,APAC
P004,SUP007,Logistics,2025-01,3,428385.48,45 days,APAC
P004,SUP007,Services,2025-02,3,503319.11,45 days,APAC
P004,SUP007,Electronics,2025-03,2,549392.39,45 days,APAC
P004,SUP007,Logistics,2025-04,3,589673.5,45 days,APAC
P004,SUP007,Electronics,2025-05,0,393483.35,45 days,APAC
P004,SUP007,Software,2025-06,6,283355.84,45 days,APAC
P004,SUP007,Services,2025-07,4,948304.65,45 days,APAC
P004,SUP007,Electronics,2025-08,1,204450.4,45 days,APAC
P004,SUP007,Logistics,2025-09,3,1666926.96,45 days,APAC
P004,SUP007,Materials,2025-10,3,1084211.97,45 days,APAC
P004,SUP007,Electronics,2025-11,2,1153297.83,45 days,APAC
P004,SUP007,Materials,2025-12,6,733300.44,45 days,APAC
P004,SUP030,Electronics,2025-01,3,466363.88,90 days,EU
P004,SUP030,Electronics,2025-02,2,1607173.3,90 days,EU
P004,SUP030,Logistics,2025-03,3,697048.43,90 days,EU
P004,SUP030,Services,2025-04,3,877248.17,90 days,EU
P004,SUP030,Materials,2025-05,1,761895.76,90 days,EU
P004,SUP030,Logistics,2025-06,0,393381.32,90 days,EU
P004,SUP030,Materials,2025-07,5,125820.73,90 days,EU
P004,SUP030,Mechanical,2025-08,4,267646.95,90 days,EU
P004,SUP030,Services,2025-09,5,1737858.13,90 days,EU
P004,SUP030,Services,2025-10,5,1136949.92,90 days,EU
P004,SUP030,Materials,2025-11,0,308207.26,90 days,EU
P004,SUP030,Electronics,2025-12,4,1116720.49,90 days,EU
P004,SUP011,Logistics,2025-01,6,796927.54,90 days,APAC
P004,SUP011,Logistics,2025-02,6,434502.41,90 days,APAC
P004,SUP011,Logistics,2025-03,9,501327.03,90 days,APAC
P004,SUP011,Services,2025-04,2,878499.54,90 days,APAC
P004,SUP011,Mechanical,2025-05,4,723042.9,90 days,APAC
P004,SUP011,Software,2025-06,5,800258.88,90 days,APAC
P004,SUP011,Logistics,2025-07,2,797767.09,90 days,APAC
P004,SUP011,Materials,2025-08,4,433844.7,90 days,APAC
P004,SUP011,Electronics,2025-09,5,464932.98,90 days,APAC
P004,SUP011,Mechanical,2025-10,4,865166.43,90 days,APAC
P004,SUP011,Logistics,2025-11,6,1142063.54,90 days,APAC
P004,SUP011,Mechanical,2025-12,3,899659.29,90 days,APAC
P004,SUP004,Mechanical,2025-01,6,429585.4,90 days,US
P004,SUP004,Services,2025-02,4,723452.99,90 days,US
P004,SUP004,Services,2025-03,4,236536.06,90 days,US
P004,SUP004,Services,2025-04,3,485943.3,90 days,US
P004,SUP004,Services,2025-05,5,338658.49,90 days,US
P004,SUP004,Mechanical,2025-06,5,899235.9,90 days,US
P004,SUP004,Logistics,2025-07,3,169945.8,90 days,US
P004,SUP004,Materials,2025-08,0,367674.16,90 days,US
P004,SUP004,Logistics,2025-09,1,131939.45,90 days,US
P004,SUP004,Services,2025-10,1,895322.14,90 days,US
P004,SUP004,Logistics,2025-11,0,714183.33,90 days,US
P004,SUP004,Mechanical,2025-12,5,1110148.84,90 days,US
P004,SUP016,Materials,2025-01,1,391093.43,60 days,EU
P004,SUP016,Materials,2025-02,6,145670.98,60 days,EU
P004,SUP016,Services,2025-03,4,94809.37,60 days,EU
P004,SUP016,Materials,2025-04,5,104200.89,60 days,EU
P004,SUP016,Software,2025-05,2,740496.75,60 days,EU
P004,SUP016,Electronics,2025-06,5,456240.59,60 days,EU
P004,SUP016,Services,2025-07,1,119372.89,60 days,EU
P004,SUP016,Software,2025-08,4,606939.99,60 days,EU
P004,SUP016,Electronics,2025-09,8,739316.26,60 days,EU
P004,SUP016,Electronics,2025-10,0,100510.59,60 days,EU
P004,SUP016,Software,2025-11,4,143099.09,60 days,EU
P004,SUP016,Materials,2025-12,4,924053.32,60 days,EU
P004,SUP012,Mechanical,2025-01,8,667511.43,90 days,US
P004,SUP012,Software,2025-02,2,1405933.47,90 days,US
P004,SUP012,Mechanical,2025-03,5,1368438.76,90 days,US
P004,SUP012,Electronics,2025-04,2,442690.38,90 days,US
P004,SUP012,Software,2025-05,3,815994.7,90 days,US
P004,SUP012,Mechanical,2025-06,0,876226.86,90 days,US
P004,SUP012,Materials,2025-07,5,857401.37,90 days,US
P004,SUP012,Electronics,2025-08,7,1614009.27,90 days,US
P004,SUP012,Mechanical,2025-09,1,1062737.25,90 days,US
P004,SUP012,Materials,2025-10,4,1727265.99,90 days,US
P004,SUP012,Electronics,2025-11,1,1292030.22,90 days,US
P004,SUP012,Logistics,2025-12,2,999511.69,90 days,US
P004,SUP047,Software,2025-01,2,544117.43,60 days,APAC
P004,SUP047,Mechanical,2025-02,5,1350383.89,60 days,APAC
P004,SUP047,Logistics,2025-03,4,1544400.44,60 days,APAC
P004,SUP047,Software,2025-04,10,813173.3,60 days,APAC
P004,SUP047,Services,2025-05,9,1979933.59,60 days,APAC
P004,SUP047,Services,2025-06,7,635260.19,60 days,APAC
P004,SUP047,Services,2025-07,3,846756.85,60 days,APAC
P004,SUP047,Materials,2025-08,5,1302473.6,60 days,APAC
P004,SUP047,Services,2025-09,0,314331.54,60 days,APAC
P004,SUP047,Logistics,2025-10,5,164930.74,60 days,APAC
P004,SUP047,Logistics,2025-11,2,984606.34,60 days,APAC
P004,SUP047,Materials,2025-12,2,663177.78,60 days,APAC
P004,SUP041,Software,2025-01,3,841114.03,30 days,UK
P004,SUP041,Electronics,2025-02,1,1051738.48,30 days,UK
P004,SUP041,Logistics,2025-03,1,840787.33,30 days,UK
P004,SUP041,Logistics,2025-04,1,71905.84,30 days,UK
P004,SUP041,Materials,2025-05,1,516465.24,30 days,UK
P004,SUP041,Electronics,2025-06,5,499954.41,30 days,UK
P004,SUP041,Logistics,2025-07,0,121702.46,30 days,UK
P004,SUP041,Materials,2025-08,2,684968.02,30 days,UK
P004,SUP041,Materials,2025-09,2,1188618.29,30 days,UK
P004,SUP041,Software,2025-10,3,80776.17,30 days,UK
P004,SUP041,Software,2025-11,1,734925.6,30 days,UK
P004,SUP041,Mechanical,2025-12,3,739473.68,30 days,UK
P004,SUP043,Electronics,2025-01,5,235730.64,60 days,EU
P004,SUP043,Logistics,2025-02,4,1281857.31,60 days,EU
P004,SUP043,Materials,2025-03,6,1398904.75,60 days,EU
P004,SUP043,Logistics,2025-04,4,411745.94,60 days,EU
P004,SUP043,Logistics,2025-05,0,782891.26,60 days,EU
P004,SUP043,Electronics,2025-06,2,1244142.55,60 days,EU
P004,SUP043,Software,2025-07,2,328852.63,60 days,EU
P004,SUP043,Mechanical,2025-08,3,528657.21,60 days,EU
P004,SUP043,Electronics,2025-09,0,384676.19,60 days,EU
P004,SUP043,Mechanical,2025-10,6,65109.48,60 days,EU
P004,SUP043,Logistics,2025-11,0,751266.14,60 days,EU
P004,SUP043,Software,2025-12,4,403192.41,60 days,EU
P004,SUP048,Logistics,2025-01,3,1265414.04,90 days,APAC
P004,SUP048,Mechanical,2025-02,3,266591.47,90 days,APAC
P004,SUP048,Logistics,2025-03,3,390757.36,90 days,APAC
P004,SUP048,Materials,2025-04,6,994701.43,90 days,APAC
P004,SUP048,Software,2025-05,3,187634.34,90 days,APAC
P004,SUP048,Mechanical,2025-06,3,802720.86,90 days,APAC
P004,SUP048,Electronics,2025-07,1,498001.14,90 days,APAC
P004,SUP048,Materials,2025-08,6,101573.23,90 days,APAC
P004,SUP048,Logistics,2025-09,0,889693.96,90 days,APAC
P004,SUP048,Logistics,2025-10,6,865602.06,90 days,APAC
P004,SUP048,Software,2025-11,4,806060.88,90 days,APAC
P004,SUP048,Electronics,2025-12,2,1133744.01,90 days,APAC
P005,SUP044,Mechanical,2025-01,5,127568.29,45 days,UK
P005,SUP044,Logistics,2025-02,3,150060.62,45 days,UK
P005,SUP044,Services,2025-03,5,822054.53,45 days,UK
P005,SUP044,Electronics,2025-04,6,633625.26,45 days,UK
P005,SUP044,Materials,2025-05,5,1348440.01,45 days,UK
P005,SUP044,Services,2025-06,5,1388258.26,45 days,UK
P005,SUP044,Services,2025-07,5,1020522.89,45 days,UK
P005,SUP044,Electronics,2025-08,2,733373.2,45 days,UK
P005,SUP044,Materials,2025-09,4,1227984.23,45 days,UK
P005,SUP044,Materials,2025-10,5,801628.92,45 days,UK
P005,SUP044,Logistics,2025-11,6,1014974.5,45 days,UK
P005,SUP044,Software,2025-12,9,1279777.48,45 days,UK
P005,SUP034,Logistics,2025-01,2,1193135.56,60 days,US
P005,SUP034,Services,2025-02,2,120779.05,60 days,US
P005,SUP034,Materials,2025-03,2,118964.03,60 days,US
P005,SUP034,Services,2025-04,7,1291111.42,60 days,US
P005,SUP034,Materials,2025-05,4,524020.76,60 days,US
P005,SUP034,Logistics,2025-06,8,1058590.66,60 days,US
P005,SUP034,Logistics,2025-07,4,1040439.79,60 days,US
P005,SUP034,Mechanical,2025-08,6,1706746.47,60 days,US
P005,SUP034,Electronics,2025-09,4,699710.84,60 days,US
P005,SUP034,Materials,2025-10,1,636450.32,60 days,US
P005,SUP034,Software,2025-11,9,203908.75,60 days,US
P005,SUP034,Services,2025-12,7,1869134.29,60 days,US
P005,SUP030,Software,2025-01,0,800323.44,90 days,EU
P005,SUP030,Materials,2025-02,6,1407809.71,90 days,EU
P005,SUP030,Materials,2025-03,4,531887.66,90 days,EU
P005,SUP030,Materials,2025-04,1,845349.61,90 days,EU
P005,SUP030,Software,2025-05,7,394670.36,90 days,EU
P005,SUP030,Materials,2025-06,2,184192.27,90 days,EU
P005,SUP030,Logistics,2025-07,4,111553.51,90 days,EU
P005,SUP030,Materials,2025-08,5,674593.02,90 days,EU
P005,SUP030,Logistics,2025-09,0,970609.13,90 days,EU
P005,SUP030,Software,2025-10,2,1186434.26,90 days,EU
P005,SUP030,Electronics,2025-11,3,203917.76,90 days,EU
P005,SUP030,Mechanical,2025-12,5,1097829.79,90 days,EU
P005,SUP015,Services,2025-01,6,1191206.86,45 days,US
P005,SUP015,Materials,2025-02,4,322449.07,45 days,US
P005,SUP015,Software,2025-03,3,1130866.65,45 days,US
P005,SUP015,Software,2025-04,0,735404.52,45 days,US
P005,SUP015,Logistics,2025-05,6,253555.54,45 days,US
P005,SUP015,Software,2025-06,6,595907.85,45 days,US
P005,SUP015,Mechanical,2025-07,7,1171156.49,45 days,US
P005,SUP015,Logistics,2025-08,4,1004807.49,45 days,US
P005,SUP015,Materials,2025-09,7,1062714.83,45 days,US
P005,SUP015,Software,2025-10,1,213977.44,45 days,US
P005,SUP015,Logistics,2025-11,7,524815.59,45 days,US
P005,SUP015,Mechanical,2025-12,8,1913203.32,45 days,US
P005,SUP041,Mechanical,2025-01,1,127594.95,30 days,UK
P005,SUP041,Services,2025-02,1,874942.54,30 days,UK
P005,SUP041,Materials,2025-03,2,265973.05,30 days,UK
P005,SUP041,Mechanical,2025-04,3,838362.52,30 days,UK
P005,SUP041,Electronics,2025-05,8,524633.92,30 days,UK
P005,SUP041,Materials,2025-06,2,351557.8,30 days,UK
P005,SUP041,Electronics,2025-07,8,806723.8,30 days,UK
P005,SUP041,Services,2025-08,5,366046.75,30 days,UK
P005,SUP041,Services,2025-09,5,1066132.18,30 days,UK
P005,SUP041,Software,2025-10,4,1186813.92,30 days,UK
P005,SUP041,Materials,2025-11,2,308236.94,30 days,UK
P005,SUP041,Software,2025-12,4,764215.03,30 days,UK
P005,SUP002,Electronics,2025-01,5,1259974.47,90 days,EU
P005,SUP002,Software,2025-02,1,857744.58,90 days,EU
P005,SUP002,Services,2025-03,3,401603.81,90 days,EU
P005,SUP002,Mechanical,2025-04,5,792716.81,90 days,EU
P005,SUP002,Logistics,2025-05,5,456768.72,90 days,EU
P005,SUP002,Software,2025-06,4,1460602.27,90 days,EU
P005,SUP002,Materials,2025-07,6,1652852.91,90 days,EU
P005,SUP002,Software,2025-08,5,1501161.67,90 days,EU
P005,SUP002,Logistics,2025-09,5,1455885.26,90 days,EU
P005,SUP002,Logistics,2025-10,3,1375828.66,90 days,EU
P005,SUP002,Electronics,2025-11,1,1075767.96,90 days,EU
P005,SUP002,Materials,2025-12,5,1659174.09,90 days,EU
P005,SUP006,Electronics,2025-01,1,918040.18,60 days,APAC
P005,SUP006,Mechanical,2025-02,1,260339.15,60 days,APAC
P005,SUP006,Software,2025-03,1,451172.01,60 days,APAC
P005,SUP006,Logistics,2025-04,3,687361.77,60 days,APAC
P005,SUP006,Services,2025-05,5,581196.97,60 days,APAC
P005,SUP006,Services,2025-06,6,64337.01,60 days,APAC
P005,SUP006,Materials,2025-07,6,72642.11,60 days,APAC
P005,SUP006,Electronics,2025-08,5,67994.6,60 days,APAC
P005,SUP006,Logistics,2025-09,1,314814.76,60 days,APAC
P005,SUP006,Electronics,2025-10,3,348400.61,60 days,APAC
P005,SUP006,Services,2025-11,6,837614.74,60 days,APAC
P005,SUP006,Mechanical,2025-12,4,876580.7,60 days,APAC
P005,SUP003,Software,2025-01,1,277362.85,60 days,APAC
P005,SUP003,Logistics,2025-02,0,712160.66,60 days,APAC
P005,SUP003,Electronics,2025-03,4,121204.88,60 days,APAC
P005,SUP003,Services,2025-04,1,451623.87,60 days,APAC
P005,SUP003,Materials,2025-05,3,748569.38,60 days,APAC
P005,SUP003,Logistics,2025-06,3,1253302.02,60 days,APAC
P005,SUP003,Materials,2025-07,7,648130.55,60 days,APAC
P005,SUP003,Software,2025-08,3,384723.92,60 days,APAC
P005,SUP003,Software,2025-09,2,1074172.42,60 days,APAC
P005,SUP003,Electronics,2025-10,1,717142.79,60 days,APAC
P005,SUP003,Software,2025-11,0,147087.01,60 days,APAC
P005,SUP003,Logistics,2025-12,5,242168.25,60 days,APAC
P005,SUP019,Services,2025-01,2,381253.92,90 days,UK
P005,SUP019,Software,2025-02,0,748700.75,90 days,UK
P005,SUP019,Mechanical,2025-03,4,1223305.59,90 days,UK
P005,SUP019,Mechanical,2025-04,2,614096.8,90 days,UK
P005,SUP019,Services,2025-05,1,224395.62,90 days,UK
P005,SUP019,Materials,2025-06,4,643618.65,90 days,UK
P005,SUP019,Mechanical,2025-07,3,672641.48,90 days,UK
P005,SUP019,Software,2025-08,4,379573.9,90 days,UK
P005,SUP019,Logistics,2025-09,8,1186394.28,90 days,UK
P005,SUP019,Electronics,2025-10,0,585345.14,90 days,UK
P005,SUP019,Services,2025-11,1,1115479.55,90 days,UK
P005,SUP019,Materials,2025-12,2,819435.72,90 days,UK
P005,SUP032,Services,2025-01,1,622516.08,90 days,APAC
P005,SUP032,Mechanical,2025-02,3,572607.75,90 days,APAC
P005,SUP032,Materials,2025-03,4,417665.06,90 days,APAC
P005,SUP032,Mechanical,2025-04,6,435575.32,90 days,APAC
P005,SUP032,Services,2025-05,0,788358.31,90 days,APAC
P005,SUP032,Materials,2025-06,2,461263.16,90 days,APAC
P005,SUP032,Materials,2025-07,6,776389.57,90 days,APAC
P005,SUP032,Electronics,2025-08,3,150394.73,90 days,APAC
P005,SUP032,Logistics,2025-09,3,1216430.2,90 days,APAC
P005,SUP032,Services,2025-10,0,864533.07,90 days,APAC
P005,SUP032,Logistics,2025-11,0,766971.47,90 days,APAC
P005,SUP032,Materials,2025-12,1,801975.41,90 days,APAC
P005,SUP045,Materials,2025-01,3,78259.27,30 days,US
P005,SUP045,Software,2025-02,4,1442735.49,30 days,US
P005,SUP045,Materials,2025-03,3,575372.62,30 days,US
P005,SUP045,Logistics,2025-04,5,1255666.16,30 days,US
P005,SUP045,Services,2025-05,3,1291733.26,30 days,US
P005,SUP045,Services,2025-06,6,1588192.18,30 days,US
P005,SUP045,Materials,2025-07,5,287661.55,30 days,US
P005,SUP045,Logistics,2025-08,7,651811.1,30 days,US
P005,SUP045,Software,2025-09,3,826101.38,30 days,US
P005,SUP045,Materials,2025-10,6,1229077.5,30 days,US
P005,SUP045,Logistics,2025-11,5,996292.21,30 days,US
P005,SUP045,Mechanical,2025-12,1,697030.75,30 days,US
P005,SUP040,Mechanical,2025-01,3,344765.29,45 days,APAC
P005,SUP040,Software,2025-02,3,403876.51,45 days,APAC
P005,SUP040,Mechanical,2025-03,2,1018307.02,45 days,APAC
P005,SUP040,Materials,2025-04,4,672757.7,45 days,APAC
P005,SUP040,Electronics,2025-05,0,220653.31,45 days,APAC
P005,SUP040,Mechanical,2025-06,1,388571.3,45 days,APAC
P005,SUP040,Mechanical,2025-07,4,910301.73,45 days,APAC
P005,SUP040,Electronics,2025-08,3,528052.73,45 days,APAC
P005,SUP040,Services,2025-09,7,303777.94,45 days,APAC
P005,SUP040,Electronics,2025-10,3,403208.05,45 days,APAC
P005,SUP040,Mechanical,2025-11,3,572869.86,45 days,APAC
P005,SUP040,Electronics,2025-12,3,727862.37,45 days,APAC
P005,SUP013,Electronics,2025-01,3,102753.57,60 days,UK
P005,SUP013,Software,2025-02,3,989823.87,60 days,UK
P005,SUP013,Materials,2025-03,3,424217.58,60 days,UK
P005,SUP013,Mechanical,2025-04,5,694571.94,60 days,UK
P005,SUP013,Logistics,2025-05,3,72214.33,60 days,UK
P005,SUP013,Materials,2025-06,2,563258.8,60 days,UK
P005,SUP013,Mechanical,2025-07,0,595029.11,60 days,UK
P005,SUP013,Electronics,2025-08,8,457602.87,60 days,UK
P005,SUP013,Electronics,2025-09,6,999014.84,60 days,UK
P005,SUP013,Mechanical,2025-10,1,456518.2,60 days,UK
P005,SUP013,Services,2025-11,4,242290.12,60 days,UK
P005,SUP013,Mechanical,2025-12,2,1084848.57,60 days,UK
P005,SUP009,Mechanical,2025-01,5,973113.8,30 days,US
P005,SUP009,Materials,2025-02,5,1437486.69,30 days,US
P005,SUP009,Services,2025-03,5,486294.63,30 days,US
P005,SUP009,Materials,2025-04,6,953953.56,30 days,US
P005,SUP009,Mechanical,2025-05,7,1396812.85,30 days,US
P005,SUP009,Materials,2025-06,5,1434002.51,30 days,US
P005,SUP009,Materials,2025-07,5,1031647.2,30 days,US
P005,SUP009,Services,2025-08,4,779108.23,30 days,US
P005,SUP009,Services,2025-09,4,1118663.44,30 days,US
P005,SUP009,Software,2025-10,3,365633.61,30 days,US
P005,SUP009,Materials,2025-11,8,511797.69,30 days,US
P005,SUP009,Electronics,2025-12,6,578683.31,30 days,US
P005,SUP039,Services,2025-01,6,1426492.66,90 days,UK
P005,SUP039,Mechanical,2025-02,1,217274.15,90 days,UK
P005,SUP039,Mechanical,2025-03,2,138239.5,90 days,UK
P005,SUP039,Mechanical,2025-04,4,776506.03,90 days,UK
P005,SUP039,Electronics,2025-05,5,1577017.94,90 days,UK
P005,SUP039,Software,2025-06,5,207373.49,90 days,UK
P005,SUP039,Services,2025-07,1,621262.15,90 days,UK
P005,SUP039,Logistics,2025-08,7,632832.17,90 days,UK
P005,SUP039,Mechanical,2025-09,3,334615.39,90 days,UK
P005,SUP039,Materials,2025-10,3,685088.37,90 days,UK
P005,SUP039,Services,2025-11,1,684055.83,90 days,UK
P005,SUP039,Services,2025-12,4,1331899.38,90 days,UK
P005,SUP050,Materials,2025-01,6,871741.73,30 days,APAC
P005,SUP050,Mechanical,2025-02,3,251834.76,30 days,APAC
P005,SUP050,Logistics,2025-03,3,166505.36,30 days,APAC
P005,SUP050,Software,2025-04,8,821478.4,30 days,APAC
P005,SUP050,Electronics,2025-05,0,1242523.68,30 days,APAC
P005,SUP050,Electronics,2025-06,3,660857.52,30 days,APAC
P005,SUP050,Software,2025-07,1,357077.86,30 days,APAC
P005,SUP050,Electronics,2025-08,2,1075929.17,30 days,APAC
P005,SUP050,Electronics,2025-09,8,828303.46,30 days,APAC
P005,SUP050,Mechanical,2025-10,0,546104.72,30 days,APAC
P005,SUP050,Services,2025-11,3,457559.87,30 days,APAC
P005,SUP050,Software,2025-12,4,594061.13,30 days,APAC
P005,SUP021,Logistics,2025-01,5,782814.81,60 days,US
P005,SUP021,Mechanical,2025-02,3,1441507.75,60 days,US
P005,SUP021,Services,2025-03,4,588939.73,60 days,US
P005,SUP021,Electronics,2025-04,4,597760.24,60 days,US
P005,SUP021,Services,2025-05,8,1028920.95,60 days,US
P005,SUP021,Services,2025-06,0,1040714.33,60 days,US
P005,SUP021,Software,2025-07,7,1242725.94,60 days,US
P005,SUP021,Mechanical,2025-08,7,892973.55,60 days,US
P005,SUP021,Software,2025-09,2,999618.44,60 days,US
P005,SUP021,Electronics,2025-10,3,1801583.77,60 days,US
P005,SUP021,Services,2025-11,0,1211070.93,60 days,US
P005,SUP021,Electronics,2025-12,0,371566.92,60 days,US
P005,SUP011,Software,2025-01,5,542461.05,90 days,APAC
P005,SUP011,Mechanical,2025-02,1,337063.78,90 days,APAC
P005,SUP011,Logistics,2025-03,3,836176.28,90 days,APAC
P005,SUP011,Services,2025-04,5,554954.2,90 days,APAC
P005,SUP011,Mechanical,2025-05,1,172817.26,90 days,APAC
P005,SUP011,Mechanical,2025-06,4,586240.58,90 days,APAC
P005,SUP011,Software,2025-07,8,1160792.7,90 days,APAC
P005,SUP011,Logistics,2025-08,3,598952.7,90 days,APAC
P005,SUP011,Materials,2025-09,2,891564.63,90 days,APAC
P005,SUP011,Mechanical,2025-10,5,661828.29,90 days,APAC
P005,SUP011,Logistics,2025-11,7,1319457.85,90 days,APAC
P005,SUP011,Materials,2025-12,0,1043695.47,90 days,APAC
